,date,smb,hml,exret
0,1926-06-30,-0.023,-0.0287,0.0292107
1,1926-07-31,-0.014,0.04190000000000001,0.026147280000000002
2,1926-08-31,-0.0132,0.0001,0.00348737
3,1926-09-30,0.0004,0.0051,-0.03219619
4,1926-10-31,-0.002,-0.0035,0.02545394
5,1926-11-30,-0.0004,-0.0002,0.026411
6,1926-12-31,-0.005600000000000001,0.0483,-8.377199999999975e-05
7,1927-01-31,-0.001,0.0317,0.042770100000000005
8,1927-02-28,-0.016,-0.0267,0.0007562790000000003
9,1927-03-31,0.0043,0.006,0.004725051000000001
10,1927-04-30,0.0141,0.0493,0.05477311
11,1927-05-31,0.004699999999999999,-0.0153,-0.02368671
12,1927-06-30,-0.0323,-0.0116,0.07227909
13,1927-07-31,-0.0072,-0.0369,0.01969037
14,1927-08-31,-0.0357,-0.0071,0.04782352
15,1927-09-30,0.0213,-0.0433,-0.0432699
16,1927-10-31,0.0276,-0.0031,0.06635258
17,1927-11-30,0.009300000000000001,-0.0106,0.02158212
18,1927-12-31,0.0425,-0.0072,-0.005839723
19,1928-01-31,-0.0203,-0.0069,-0.01777756
20,1928-02-29,-0.0026,-0.012,0.08757843
21,1928-03-31,0.0382,0.0367,0.04164581
22,1928-04-30,0.0298,-0.0346,0.01449032
23,1928-05-31,-0.035,-0.0006,-0.04834517
24,1928-06-30,-0.0135,-0.004699999999999999,0.006199799000000001
25,1928-07-31,-0.0207,-0.0211,0.06700616000000001
26,1928-08-31,0.0233,0.009899999999999999,0.028797829999999996
27,1928-09-30,0.0227,-0.0226,0.015127950000000001
28,1928-10-31,-0.0181,0.028,0.1176999
29,1928-11-30,-0.0085,-0.006,0.004957177
30,1928-12-31,-0.0354,-0.0121,0.05053473
31,1929-01-31,-0.0039,0.0168,-0.0040461388
32,1929-02-28,-0.0474,0.0161,-0.011208392000000001
33,1929-03-31,-0.01,0.006,0.013579130000000002
34,1929-04-30,-0.0535,-0.014,-0.06432296
35,1929-05-31,-0.0217,-0.0276,0.0963726
36,1929-06-30,-0.0388,0.0266,0.042657610000000006
37,1929-07-31,-0.09519999999999999,0.0006,0.08134303
38,1929-08-31,0.0117,-0.0063,-0.05395466
39,1929-09-30,-0.0408,0.0785,-0.20128359999999998
40,1929-10-31,-0.019,0.0533,-0.1275121
41,1929-11-30,-0.0433,-0.0059,0.01269001
42,1929-12-31,0.0354,-0.0101,0.057006610000000006
43,1930-01-31,0.0013,0.0039,0.025241660000000003
44,1930-02-28,0.0343,0.0015,0.07113142
45,1930-03-31,-0.002,-0.0084,-0.0226411
46,1930-04-30,-0.0204,-0.0063,-0.01661008
47,1930-05-31,-0.03240000000000001,0.02,-0.1626798
48,1930-06-30,-0.0037,-0.0156,0.039963649999999996
49,1930-07-31,-0.0222,-0.007800000000000001,0.002762904
50,1930-08-31,-0.0222,-0.0527,-0.1270049
51,1930-09-30,-0.001,-0.0135,-0.08747879
52,1930-10-31,0.0221,-0.0353,-0.02935652
53,1930-11-30,-0.0467,-0.05400000000000001,-0.07913924
54,1930-12-31,0.0377,0.0716,0.062280459999999996
55,1931-01-31,0.0338,0.0161,0.1092945
56,1931-02-28,0.0307,-0.0366,-0.06416590999999999
57,1931-03-31,-0.0462,-0.0394,-0.10101899999999998
58,1931-04-30,0.0517,-0.0658,-0.1347355
59,1931-05-31,-0.0538,0.1131,0.1395397
60,1931-06-30,0.0143,-0.021,-0.06703803
61,1931-07-31,-0.0197,-0.0149,0.002778467
62,1931-08-31,0.005600000000000001,-0.0675,-0.2920314
63,1931-09-30,-0.0187,0.017,0.08050863
64,1931-10-31,0.043,-0.0505,-0.09010158
65,1931-11-30,-0.005600000000000001,-0.0886,-0.13617100000000001
66,1931-12-31,0.0394,0.0904,-0.01283417
67,1932-01-31,-0.0277,-0.0145,0.05536299
68,1932-02-29,0.0227,-0.0232,-0.1121994
69,1932-03-31,0.0144,0.0142,-0.18051659999999997
70,1932-04-30,0.0391,-0.0299,-0.20679779999999998
71,1932-05-31,0.0034,0.053,-0.0044885739999999995
72,1932-06-30,-0.0444,0.3546,0.34034329999999996
73,1932-07-31,0.1429,0.3303,0.37108769999999996
74,1932-08-31,-0.0244,-0.0682,-0.02894889
75,1932-09-30,-0.0276,-0.1005,-0.1327531
76,1932-10-31,0.0208,-0.1328,-0.05846015
77,1932-11-30,-0.0827,-0.0817,0.045127219999999996
78,1932-12-31,0.0069,0.0623,0.009713348000000002
79,1933-01-31,-0.0275,-0.0273,-0.1529038
80,1933-02-28,0.039,0.0738,0.032705370000000004
81,1933-03-31,0.04559999999999999,0.1743,0.3931433
82,1933-04-30,0.367,0.1903,0.2128608
83,1933-05-31,0.08560000000000001,-0.0205,0.13316419999999998
84,1933-06-30,-0.0101,0.0327,-0.09654148000000001
85,1933-07-31,-0.0545,0.0296,0.1209846
86,1933-08-31,-0.0032,-0.1177,-0.1060357
87,1933-09-30,-0.0008,-0.08460000000000001,-0.0837499
88,1933-10-31,-0.06480000000000001,0.0233,0.09969588
89,1933-11-30,0.0066,-0.0153,0.017675640000000003
90,1933-12-31,0.1253,0.1554,0.12627939999999999
91,1934-01-31,0.0519,0.0212,-0.024487099999999998
92,1934-02-28,0.0251,-0.0273,0.004225098000000001
93,1934-03-31,0.028,-0.0375,-0.01844544
94,1934-04-30,-0.0026,-0.0591,-0.07237332
95,1934-05-31,-0.0214,-0.0292,0.02524446
96,1934-06-30,-0.0692,-0.1064,-0.1094633
97,1934-07-31,0.0539,0.004500000000000001,0.05694261
98,1934-08-31,-0.015,-0.0122,-0.002461888
99,1934-09-30,0.0125,-0.05110000000000001,-0.01899535
100,1934-10-31,0.065,-0.0224,0.08199548
101,1934-11-30,0.0306,-0.032,0.0034540740000000006
102,1934-12-31,0.011,-0.0186,-0.033516290000000004
103,1935-01-31,0.004099999999999999,-0.0727,-0.019661909999999998
104,1935-02-28,-0.0357,-0.051,-0.036113200000000005
105,1935-03-31,-0.0151,0.0435,0.09035231
106,1935-04-30,-0.0338,0.0256,0.03446105
107,1935-05-31,-0.0251,-0.0165,0.05769622
108,1935-06-30,0.0147,0.06860000000000001,0.07406016
109,1935-07-31,0.06280000000000001,0.057,0.02667315
110,1935-08-31,0.0157,-0.0405,0.02597417
111,1935-09-30,0.0264,-0.0233,0.06933941
112,1935-10-31,0.0428,0.1191,0.052671680000000005
113,1935-11-30,0.0023,0.0107,0.046826219999999995
114,1935-12-31,0.05139999999999999,0.1051,0.06945885
115,1936-01-31,0.0114,0.0504,0.025302420000000003
116,1936-02-29,0.006500000000000001,-0.0166,0.008053022
117,1936-03-31,-0.0604,-0.0208,-0.08168064000000001
118,1936-04-30,0.0083,0.0263,0.05184289
119,1936-05-31,-0.0326,-0.012,0.02437073
120,1936-06-30,0.0114,0.0256,0.06585436
121,1936-07-31,0.0072,0.0399,0.01075011
122,1936-08-31,0.0307,0.0088,0.01179897
123,1936-09-30,-0.0239,0.0252,0.06978621
124,1936-10-31,0.0901,-0.0092,0.03275445
125,1936-11-30,0.0361,0.0396,0.00279573
126,1936-12-31,0.0431,0.0261,0.0331575
127,1937-01-31,0.0123,0.0505,0.01291363
128,1937-02-28,-0.0178,0.0639,-0.002832144
129,1937-03-31,-0.0377,-0.0361,-0.07571612999999999
130,1937-04-30,-0.0066,-0.0349,-0.007654292
131,1937-05-31,-0.0365,-0.0321,-0.042047940000000006
132,1937-06-30,0.0085,0.008199999999999999,0.08942497
133,1937-07-31,0.0042,-0.0225,-0.04856485
134,1937-08-31,-0.0689,-0.0457,-0.1370226
135,1937-09-30,0.004500000000000001,-0.0162,-0.09599819000000001
136,1937-10-31,-0.0365,0.002,-0.08325319
137,1937-11-30,-0.0776,-0.0039,-0.04077352
138,1937-12-31,0.04969999999999999,-0.016,0.006776150000000001
139,1938-01-31,0.0035,-0.0202,0.05801302
140,1938-02-28,-0.0424,-0.0352,-0.2383162
141,1938-03-31,0.0637,0.0018,0.145863
142,1938-04-30,-0.0247,-0.0028,-0.03905327
143,1938-05-31,0.0405,0.003,0.2379136
144,1938-06-30,0.0666,0.0218,0.07219713
145,1938-07-31,-0.0244,-0.0472,-0.02713935
146,1938-08-31,-0.0272,-0.0162,0.008712485
147,1938-09-30,0.0583,0.0501,0.07882665
148,1938-10-31,-0.0256,-0.0123,-0.0176064
149,1938-11-30,-0.018,0.005,0.04191948
150,1938-12-31,-0.0156,-0.0392,-0.060280799999999995
151,1939-01-31,0.0063,0.0295,0.035155309999999995
152,1939-02-28,-0.0476,-0.08289999999999999,-0.12062679999999999
153,1939-03-31,0.0166,-0.003,-0.001931715
154,1939-04-30,0.0281,0.004699999999999999,0.06887085
155,1939-05-31,-0.0102,-0.0541,-0.053725520000000006
156,1939-06-30,0.0432,-0.0003,0.1022428
157,1939-07-31,-0.0461,-0.0242,-0.06716375
158,1939-08-31,0.2023,0.2222,0.1617149
159,1939-09-30,-0.0001,-0.0489,-0.00419136
160,1939-10-31,-0.0507,-0.0646,-0.0371309
161,1939-11-30,0.0079,-0.0406,0.029685800000000002
162,1939-12-31,0.0024,-0.0077,-0.0242149
163,1940-01-31,0.0251,-0.0032,0.01475754
164,1940-02-29,0.0125,-0.0127,0.018642970000000002
165,1940-03-31,0.0392,-0.0013,0.0008372561
166,1940-04-30,-0.0666,-0.0369,-0.220912
167,1940-05-31,-0.0213,0.0463,0.06685613
168,1940-06-30,0.0101,-0.0074,0.031823149999999994
169,1940-07-31,-0.0011,0.005600000000000001,0.02439623
170,1940-08-31,0.0322,-0.0113,0.02311811
171,1940-09-30,0.0028,0.0464,0.0301431
172,1940-10-31,0.0194,0.0012,-0.01675246
173,1940-11-30,-0.0215,-0.0089,0.006585705000000001
174,1940-12-31,0.01,0.0383,-0.04112673
175,1941-01-31,-0.0157,0.0089,-0.01370112
176,1941-02-28,0.001,0.0304,0.009414603
177,1941-03-31,-0.0169,0.0341,-0.05391833
178,1941-04-30,-0.0066,0.006,0.01314046
179,1941-05-31,0.0132,0.0059,0.05849508
180,1941-06-30,0.057,0.0725,0.05924285
181,1941-07-31,-0.004099999999999999,-0.011,-0.0012562740000000001
182,1941-08-31,-0.009899999999999999,-0.0028,-0.007711061000000001
183,1941-09-30,-0.0202,0.0163,-0.05292592
184,1941-10-31,-0.0121,-0.0064,-0.02027067
185,1941-11-30,-0.0298,-0.0594,-0.04679163
186,1941-12-31,0.07519999999999999,0.101,0.008778517
187,1942-01-31,0.0172,-0.0113,-0.02375086
188,1942-02-28,0.0178,-0.0062,-0.06524447
189,1942-03-31,-0.006,0.0209,-0.04368327
190,1942-04-30,-0.0305,-0.0265,0.05987389
191,1942-05-31,-0.0122,0.0054,0.02557185
192,1942-06-30,-0.0016,0.024,0.03502647
193,1942-07-31,-0.0009,0.0133,0.01810786
194,1942-08-31,0.0066,0.0239,0.0267694
195,1942-09-30,0.0182,0.0647,0.06878754000000001
196,1942-10-31,-0.0154,-0.0424,0.0008765340000000002
197,1942-11-30,-0.0249,0.005600000000000001,0.05098972
198,1942-12-31,0.08779999999999999,0.0823,0.07308221000000001
199,1943-01-31,0.0484,0.06509999999999999,0.06017818
200,1943-02-28,0.0503,0.0548,0.06149447
201,1943-03-31,0.0206,0.05860000000000001,0.007033476
202,1943-04-30,0.0441,0.0328,0.05684205
203,1943-05-31,-0.0106,-0.0074,0.01705075
204,1943-06-30,-0.0241,-0.0227,-0.048052910000000004
205,1943-07-31,-0.0062,-0.004699999999999999,0.013144300000000001
206,1943-08-31,0.0128,0.0143,0.02377737
207,1943-09-30,0.0058,0.0165,-0.01187259
208,1943-10-31,-0.0164,-0.0404,-0.06020256
209,1943-11-30,0.0334,0.0322,0.06391655
210,1943-12-31,0.0256,0.0217,0.01773042
211,1944-01-31,-0.001,0.0083,0.003158829
212,1944-02-29,0.0171,0.0343,0.02456819
213,1944-03-31,-0.0135,-0.0113,-0.01678407
214,1944-04-30,0.0167,0.0102,0.05060894
215,1944-05-31,0.0404,0.0182,0.056541759999999996
216,1944-06-30,0.005500000000000001,-0.0043,-0.0154938
217,1944-07-31,0.0241,-0.0163,0.01529742
218,1944-08-31,0.004699999999999999,-0.0121,0.00025305010000000003
219,1944-09-30,-0.0014,-0.0034,0.001818638
220,1944-10-31,0.0037,0.0231,0.016368229999999998
221,1944-11-30,0.0224,0.0591,0.04086975
222,1944-12-31,0.0244,0.0071,0.019917559999999997
223,1945-01-31,0.0156,0.044,0.06427703
224,1945-02-28,-0.0161,-0.0178,-0.03937724
225,1945-03-31,0.0032,0.0321,0.07793165
226,1945-04-30,0.0151,0.0035,0.017885289999999998
227,1945-05-31,0.031,0.0432,0.004476164
228,1945-06-30,-0.0146,-0.0271,-0.022366350000000004
229,1945-07-31,0.0161,-0.044,0.061526199999999996
230,1945-08-31,0.0171,0.0048,0.04799652
231,1945-09-30,0.0246,0.0225,0.03844934
232,1945-10-31,0.0416,0.0434,0.054658950000000005
233,1945-11-30,0.0212,-0.0232,0.01270259
234,1945-12-31,0.04019999999999999,0.0221,0.06310188000000001
235,1946-01-31,-0.0073,-0.0127,-0.058557290000000005
236,1946-02-28,0.0031,-0.0036,0.0576414
237,1946-03-31,0.0237,0.004500000000000001,0.04199307
238,1946-04-30,0.0146,0.0109,0.0398952
239,1946-05-31,-0.0153,-0.0059,-0.038968390000000006
240,1946-06-30,-0.0206,0.0004,-0.02660898
241,1946-07-31,-0.0178,0.006,-0.06476838
242,1946-08-31,-0.0441,-0.0196,-0.10232259999999999
243,1946-09-30,0.0009,0.0344,-0.01446352
244,1946-10-31,-0.004,0.0152,0.00039688900000000004
245,1946-11-30,0.0006,-0.0138,0.0498611
246,1946-12-31,0.0218,-0.0073,0.01278428
247,1947-01-31,0.0068,0.0014,-0.01139093
248,1947-02-28,-0.0161,0.0061,-0.017090130000000002
249,1947-03-31,-0.0397,0.0085,-0.047998070000000004
250,1947-04-30,-0.0326,0.0034,-0.009924612000000001
251,1947-05-31,-0.0031,-0.006,0.052926469999999996
252,1947-06-30,0.0143,0.0282,0.04104795
253,1947-07-31,0.003,0.0016,-0.01765736
254,1947-08-31,0.0164,0.0136,-0.00526713
255,1947-09-30,0.0051,0.0008,0.024231120000000002
256,1947-10-31,-0.0174,0.0106,-0.01934959
257,1947-11-30,-0.0248,0.0369,0.029907950000000003
258,1947-12-31,0.0249,0.0138,-0.03860801
259,1948-01-31,-0.0171,0.0007000000000000001,-0.04412223
260,1948-02-29,0.0013,0.0449,0.08172763000000001
261,1948-03-31,-0.0166,0.04099999999999999,0.03732801
262,1948-04-30,0.009300000000000001,-0.0123,0.07351936
263,1948-05-31,-0.0186,0.0275,-0.0011798976
264,1948-06-30,-0.0032,0.0007000000000000001,-0.05108754
265,1948-07-31,-0.011,0.0027,0.0028623020000000006
266,1948-08-31,-0.0123,-0.0179,-0.03021309
267,1948-09-30,-0.015,0.005600000000000001,0.059915760000000005
268,1948-10-31,-0.0062,-0.0414,-0.09247732
269,1948-11-30,-0.028,-0.0194,0.032166020000000003
270,1948-12-31,0.0181,0.0117,0.0020743700000000003
271,1949-01-31,-0.0189,-0.0091,-0.029751930000000003
272,1949-02-28,0.0248,0.0134,0.04053747
273,1949-03-31,-0.0089,-0.0118,-0.01887221
274,1949-04-30,-0.0077,-0.0242,-0.029487720000000002
275,1949-05-31,-0.0088,-0.0176,0.001180482
276,1949-06-30,0.005699999999999999,0.0038,0.055477170000000006
277,1949-07-31,0.0013,-0.005699999999999999,0.02601613
278,1949-08-31,0.0105,0.0023,0.03118201
279,1949-09-30,0.0103,-0.0049,0.030901420000000002
280,1949-10-31,-0.009300000000000001,-0.0091,0.017734780000000002
281,1949-11-30,0.0207,0.0175,0.051366840000000004
282,1949-12-31,0.0336,0.0014,0.01686387
283,1950-01-31,0.0004,-0.008100000000000001,0.01433364
284,1950-02-28,-0.0141,-0.0277,0.01174167
285,1950-03-31,0.0199,0.0134,0.03977758
286,1950-04-30,-0.0212,0.0046,0.04317265
287,1950-05-31,-0.0238,-0.007800000000000001,-0.0590182
288,1950-06-30,0.0051,0.1366,0.01512194
289,1950-07-31,0.0073,-0.0141,0.04987451
290,1950-08-31,0.005699999999999999,-0.0111,0.0480439
291,1950-09-30,-0.0058,0.0144,-0.002384262
292,1950-10-31,-0.0084,0.0317,0.02795564
293,1950-11-30,0.0149,0.0723,0.05684587000000001
294,1950-12-31,0.0173,0.0372,0.05743524
295,1951-01-31,0.0009,-0.0283,0.013085860000000001
296,1951-02-28,-0.0064,-0.04219999999999999,-0.02221456
297,1951-03-31,-0.0149,0.0328,0.04876079
298,1951-04-30,-0.0001,-0.0133,-0.02366361
299,1951-05-31,-0.0195,-0.0396,-0.02673251
300,1951-06-30,-0.0199,0.0201,0.07031052
301,1951-07-31,0.009899999999999999,-0.0016,0.0437037
302,1951-08-31,0.019,0.0059,0.007886545000000002
303,1951-09-30,-0.0023,0.0025,-0.02422877
304,1951-10-31,-0.0029,-0.0006,0.00509348
305,1951-11-30,-0.0225,-0.0155,0.03406568
306,1951-12-31,-0.0061,0.0154,0.01550245
307,1952-01-31,0.0079,-0.006,-0.02634076
308,1952-02-29,-0.0299,0.0216,0.044769960000000004
309,1952-03-31,0.0048,-0.001,-0.05034772
310,1952-04-30,-0.0101,0.0007000000000000001,0.031546939999999996
311,1952-05-31,-0.0161,0.0123,0.03807465
312,1952-06-30,-0.004,-0.0033,0.00990411
313,1952-07-31,0.0115,0.0007000000000000001,-0.008232553
314,1952-08-31,0.0112,-0.0144,-0.020746900000000002
315,1952-09-30,-0.0102,-0.0054,-0.006709009
316,1952-10-31,-0.0072,0.009899999999999999,0.05834718
317,1952-11-30,-0.0148,0.002,0.02946571
318,1952-12-31,0.0355,0.0134,-0.003244253
319,1953-01-31,0.0216,-0.0009,-0.003220268
320,1953-02-28,-0.0018,-0.0084,-0.01466202
321,1953-03-31,0.0027,0.0154,-0.02930464
322,1953-04-30,-0.0007000000000000001,0.0024,0.0052211440000000005
323,1953-05-31,-0.0185,-0.0051,-0.01817693
324,1953-06-30,-0.0105,-0.0023,0.02361135
325,1953-07-31,0.0036,-0.0354,-0.04575621
326,1953-08-31,-0.0085,-0.0242,0.0014098720000000002
327,1953-09-30,-0.0137,-0.002,0.04622312
328,1953-10-31,-0.013,-0.0016,0.02770134
329,1953-11-30,-0.0085,-0.0282,-0.0006217293999999999
330,1953-12-31,0.004699999999999999,0.0349,0.051621530000000006
331,1954-01-31,-0.0017,-0.0029,0.01685125
332,1954-02-28,-0.0049,-0.0145,0.0365766
333,1954-03-31,-0.0348,-0.0037,0.04226166
334,1954-04-30,0.0039,0.0246,0.0312037
335,1954-05-31,0.004,-0.0001,0.01095965
336,1954-06-30,0.0105,0.0416,0.05016832
337,1954-07-31,0.0268,-0.0139,-0.023262670000000003
338,1954-08-31,-0.0255,0.0069,0.06373256000000001
339,1954-09-30,0.006,0.0068,-0.0169159
340,1954-10-31,-0.0264,0.04389999999999999,0.09478717
341,1954-11-30,0.0217,0.0565,0.05466865
342,1954-12-31,0.0027,0.0214,0.006037672
343,1955-01-31,0.0156,0.0059,0.030454159999999997
344,1955-02-28,-0.0067,0.0197,-0.0019945033
345,1955-03-31,-0.0172,0.0068,0.03135196
346,1955-04-30,-0.0024,-0.0096,0.01063341
347,1955-05-31,-0.0461,0.0184,0.06510822
348,1955-06-30,-0.0116,0.0034,0.01924557
349,1955-07-31,-0.0044,0.0072,0.0025968940000000006
350,1955-08-31,0.0028,-0.009899999999999999,-0.00360948
351,1955-09-30,0.0151,-0.0016,-0.02755151
352,1955-10-31,-0.022,0.0032,0.07016419000000002
353,1955-11-30,0.0212,-0.0229,0.01474255
354,1955-12-31,0.004,0.009399999999999999,-0.03031947
355,1956-01-31,-0.0098,-0.0043,0.03770966
356,1956-02-29,-0.0214,-0.005,0.06695615
357,1956-03-31,0.0004,-0.0025,0.003183206000000001
358,1956-04-30,0.0146,-0.0131,-0.05160901
359,1956-05-31,-0.0148,-0.0113,0.0352509
360,1956-06-30,-0.0167,-0.0005,0.04862991
361,1956-07-31,0.019,-0.0072,-0.0315204
362,1956-08-31,0.0157,0.0177,-0.05140825
363,1956-09-30,-0.0009,-0.0006,0.004791722
364,1956-10-31,-0.0022,0.0177,0.0026778770000000004
365,1956-11-30,-0.0002,-0.0216,0.03255719
366,1956-12-31,0.0337,0.0282,-0.03482142
367,1957-01-31,-0.0072,-0.0072,-0.02110262
368,1957-02-28,0.0027,-0.0046,0.02181172
369,1957-03-31,-0.0161,-0.0147,0.04267923
370,1957-04-30,-0.0105,-0.021,0.03407944
371,1957-05-31,0.005500000000000001,0.0003,-0.007454420999999999
372,1957-06-30,-0.0077,0.0042,0.005937786000000001
373,1957-07-31,0.0005,-0.0042,-0.05255114
374,1957-08-31,0.0006,0.0091,-0.06018639
375,1957-09-30,-0.0253,-0.0183,-0.04415081
376,1957-10-31,0.0037,-0.0289,0.02280463
377,1957-11-30,-0.0098,-0.0161,-0.03976046
378,1957-12-31,0.0438,0.04190000000000001,0.046795130000000004
379,1958-01-31,0.0068,0.0037,-0.01545682
380,1958-02-28,0.006500000000000001,-0.0096,0.032799810000000006
381,1958-03-31,-0.006500000000000001,0.0164,0.030032560000000003
382,1958-04-30,0.0219,-0.0025,0.023481580000000002
383,1958-05-31,-0.0019,0.004,0.02919272
384,1958-06-30,0.0052,0.0304,0.04414433
385,1958-07-31,0.0117,0.0036,0.01878109
386,1958-08-31,0.0013,0.0285,0.04678042
387,1958-09-30,0.0111,-0.0118,0.02538404
388,1958-10-31,0.02,-0.0119,0.02951017
389,1958-11-30,-0.0204,-0.0001,0.05089946
390,1958-12-31,0.0301,0.0296,0.007020074000000001
391,1959-01-31,0.0151,0.011,0.00931954
392,1959-02-28,0.015,-0.0038,0.002469121
393,1959-03-31,-0.005500000000000001,-0.0133,0.03589878
394,1959-04-30,-0.021,0.017,0.01739489
395,1959-05-31,0.006500000000000001,0.0135,-0.0018235220000000002
396,1959-06-30,-0.003,0.0023,0.031861589999999995
397,1959-07-31,-0.0076,0.004500000000000001,-0.01434558
398,1959-08-31,-0.0009,0.005500000000000001,-0.04807696
399,1959-09-30,0.0145,-0.021,0.01274567
400,1959-10-31,0.0124,-0.0322,0.015956659999999998
401,1959-11-30,-0.0058,-0.0007000000000000001,0.02464312
402,1959-12-31,0.0208,0.0279,-0.06954392
403,1960-01-31,0.0051,-0.0193,0.011519080000000001
404,1960-02-29,-0.0049,-0.0294,-0.01632217
405,1960-03-31,0.0032,-0.0229,-0.01717067
406,1960-04-30,0.0122,-0.03700000000000001,0.03139799
407,1960-05-31,-0.0022,-0.0034,0.0204328
408,1960-06-30,-0.0052,0.0203,-0.02400468
409,1960-07-31,0.0087,-0.0018,0.030514979999999997
410,1960-08-31,-0.0111,0.0165,-0.06027334
411,1960-09-30,-0.0407,0.0286,-0.006904664
412,1960-10-31,0.0037,-0.0237,0.0473173
413,1960-11-30,-0.0157,-0.0076,0.046937240000000005
414,1960-12-31,0.0066,0.0366,0.06205240000000001
415,1961-01-31,0.0392,-0.0064,0.03560465
416,1961-02-28,0.0328,-0.006999999999999999,0.028609920000000004
417,1961-03-31,0.0005,0.0215,0.003944733000000001
418,1961-04-30,0.0202,0.0037,0.024094070000000002
419,1961-05-31,-0.0249,-0.0011,-0.03049906
420,1961-06-30,-0.0188,-0.0009,0.02815465
421,1961-07-31,-0.0175,-0.0028,0.025454410000000004
422,1961-08-31,-0.0106,-0.0061,-0.02169036
423,1961-09-30,-0.0163,0.0015,0.025431130000000003
424,1961-10-31,0.0126,-0.0123,0.04395113
425,1961-11-30,-0.008199999999999999,0.0179,-0.0011870487999999998
426,1961-12-31,0.0177,0.0513,-0.03854699
427,1962-01-31,-0.0115,0.008199999999999999,0.017512359999999998
428,1962-02-28,0.0053,-0.0138,-0.006687611
429,1962-03-31,-0.0071,0.0003,-0.06563471
430,1962-04-30,-0.0334,0.0277,-0.08701992
431,1962-05-31,-0.0058,0.0255,-0.08461504
432,1962-06-30,0.0151,-0.034,0.06273834
433,1962-07-31,0.0122,-0.0117,0.021116680000000002
434,1962-08-31,-0.0245,0.0126,-0.05225767
435,1962-09-30,-0.0397,0.013,-0.0003123649999999998
436,1962-10-31,0.0263,0.0096,0.1081369
437,1962-11-30,-0.0381,0.0035,0.00956515
438,1962-12-31,0.0307,0.0222,0.04934823
439,1963-01-31,0.005,0.0217,-0.02423106
440,1963-02-28,-0.026,0.0207,0.03061728
441,1963-03-31,-0.0131,0.009899999999999999,0.04493851
442,1963-04-30,0.0112,0.0253,0.01765139
443,1963-05-31,-0.0029,0.0075,-0.02033049
444,1963-06-30,-0.0049,-0.009399999999999999,-0.004417494
445,1963-07-31,-0.0102,0.0182,0.05018367
446,1963-08-31,-0.0031,0.0017,-0.01459808
447,1963-09-30,-0.005699999999999999,-0.0004,0.024808300000000002
448,1963-10-31,-0.0115,0.017,-0.008248968
449,1963-11-30,-0.0201,-0.0006,0.0188365
450,1963-12-31,-0.0018,0.0153,0.02279008
451,1964-01-31,0.0008,0.0286,0.014607300000000002
452,1964-02-29,0.009399999999999999,0.0337,0.014536229999999999
453,1964-03-31,-0.0132,-0.0066,0.0017073580000000008
454,1964-04-30,-0.009399999999999999,0.0199,0.01480315
455,1964-05-31,-0.0027,0.0072,0.01207987
456,1964-06-30,0.0026,0.0073,0.017118320000000003
457,1964-07-31,0.0011,0.0007000000000000001,-0.014066170000000001
458,1964-08-31,-0.0053,0.0172,0.02768012
459,1964-09-30,0.0042,0.0115,0.005969302000000001
460,1964-10-31,0.006,-0.0195,0.00018956900000000054
461,1964-11-30,-0.0026,-0.0252,0.0005898460000000002
462,1964-12-31,0.0272,0.0016,0.03584574
463,1965-01-31,0.035,0.0016,0.003945935
464,1965-02-28,0.0181,0.0105,-0.013315239999999999
465,1965-03-31,0.012,0.0068,0.030552180000000005
466,1965-04-30,0.0006,-0.0163,-0.007450524
467,1965-05-31,-0.0436,0.005600000000000001,-0.055368350000000004
468,1965-06-30,0.0087,0.0218,0.0136595
469,1965-07-31,0.0281,-0.0096,0.02758298
470,1965-08-31,0.0062,-0.0009,0.02885219
471,1965-09-30,0.0247,0.0154,0.026171430000000002
472,1965-10-31,0.04679999999999999,0.0021,-0.0004350109999999999
473,1965-11-30,0.0208,0.0196,0.010244780000000002
474,1965-12-31,0.0388,0.0351,0.00832212
475,1966-01-31,0.0454,0.0027,-0.012120886
476,1966-02-28,0.009399999999999999,-0.0207,-0.02472299
477,1966-03-31,0.0345,-0.0054,0.02143704
478,1966-04-30,-0.04679999999999999,-0.0157,-0.05663842
479,1966-05-31,0.0102,0.005,-0.01411711
480,1966-06-30,-0.0046,0.009899999999999999,-0.01637017
481,1966-07-31,-0.0322,0.0044,-0.07948751
482,1966-08-31,-0.0106,0.0049,-0.010958398000000001
483,1966-09-30,-0.0662,0.0286,0.03779431
484,1966-10-31,0.0423,-0.0453,0.013516259999999999
485,1966-11-30,0.0195,-0.0128,0.002210231
486,1966-12-31,0.0825,0.0245,0.08122963
487,1967-01-31,0.0331,-0.0215,0.00734501
488,1967-02-28,0.0154,0.0046,0.039484
489,1967-03-31,0.0063,-0.0252,0.03840865
490,1967-04-30,0.0195,0.009899999999999999,-0.042593099999999995
491,1967-05-31,0.0595,0.0095,0.02420233
492,1967-06-30,0.0302,0.028,0.046089820000000004
493,1967-07-31,0.004699999999999999,0.0139,-0.009382029
494,1967-08-31,0.0311,-0.0248,0.03108565
495,1967-09-30,0.0142,-0.0338,-0.03133284
496,1967-10-31,0.0021,-0.017,0.0043017210000000005
497,1967-11-30,0.0574,-0.004500000000000001,0.03039884
498,1967-12-31,0.0388,0.0479,-0.040331160000000005
499,1968-01-31,-0.0296,0.0118,-0.03752382
500,1968-02-29,-0.0128,-0.0062,0.0013167620000000004
501,1968-03-31,0.05769999999999999,-0.0114,0.08984785
502,1968-04-30,0.0642,0.0086,0.02253952
503,1968-05-31,-0.0018,0.0068,0.007227270000000001
504,1968-06-30,-0.013,0.0541,-0.02682376
505,1968-07-31,0.0235,0.0101,0.013836730000000002
506,1968-08-31,0.0276,0.0033,0.04015384
507,1968-09-30,-0.0048,0.0285,0.004641496000000001
508,1968-10-31,0.0235,-0.009000000000000001,0.054300879999999996
509,1968-11-30,0.0343,0.0,-0.038172899999999996
510,1968-12-31,-0.0077,0.0166,-0.012011428000000001
511,1969-01-31,-0.039,0.0086,-0.05824063
512,1969-02-28,-0.0026,-0.0052,0.02590514
513,1969-03-31,-0.0087,-0.0003,0.01522654
514,1969-04-30,-0.0026,0.0071,0.0002399360000000005
515,1969-05-31,-0.0539,-0.011,-0.07248772
516,1969-06-30,-0.032,0.0122,-0.07047118
517,1969-07-31,0.009300000000000001,-0.0383,0.04649065
518,1969-08-31,0.0118,-0.0327,-0.02878974
519,1969-09-30,0.0384,-0.0304,0.04963746
520,1969-10-31,-0.0254,-0.0115,-0.037363610000000005
521,1969-11-30,-0.0365,-0.03,-0.02608027
522,1969-12-31,0.0291,0.0315,-0.07925433000000001
523,1970-01-31,-0.0241,0.04019999999999999,0.050506190000000006
524,1970-02-28,-0.0232,0.0409,-0.010429048
525,1970-03-31,-0.0609,0.0621,-0.110318
526,1970-04-30,-0.0454,0.0343,-0.06964612
527,1970-05-31,-0.0214,0.006,-0.05686708
528,1970-06-30,-0.005500000000000001,0.0101,0.06896985
529,1970-07-31,0.0153,0.0102,0.044735950000000003
530,1970-08-31,0.08560000000000001,-0.0563,0.0421351
531,1970-09-30,-0.0428,0.0025,-0.02280759
532,1970-10-31,-0.0407,0.0167,0.04584846
533,1970-11-30,0.03,0.0086,0.05652307
534,1970-12-31,0.0737,0.0133,0.0482295
535,1971-01-31,0.0186,-0.0122,0.013612509999999998
536,1971-02-28,0.025,-0.0406,0.04177762
537,1971-03-31,-0.005,0.0071,0.030532439999999997
538,1971-04-30,-0.0111,-0.0148,-0.039308710000000004
539,1971-05-31,-0.0143,-0.0182,-0.0005806850000000001
540,1971-06-30,-0.015,0.0017,-0.04428279
541,1971-07-31,-0.0018,0.0256,0.03781106000000001
542,1971-08-31,0.0043,-0.0289,-0.008715686
543,1971-09-30,-0.018,-0.0037,-0.04438255
544,1971-10-31,-0.028,-0.0173,-0.004962096
545,1971-11-30,0.0329,-0.004099999999999999,0.08755689000000001
546,1971-12-31,0.0607,0.0193,0.025482150000000002
547,1972-01-31,0.014,-0.028,0.028848720000000005
548,1972-02-29,-0.003,-0.0168,0.006022727000000001
549,1972-03-31,0.0001,0.0024,0.0026052640000000004
550,1972-04-30,-0.0274,-0.0273,0.01337547
551,1972-05-31,0.0034,-0.026,-0.0237965
552,1972-06-30,-0.0286,0.0071,-0.007353696
553,1972-07-31,-0.0407,0.0464,0.03306625
554,1972-08-31,-0.0267,0.0051,-0.011070341000000001
555,1972-09-30,-0.0272,0.013,0.004675791
556,1972-10-31,-0.0112,0.0482,0.0460637
557,1972-11-30,-0.0187,-0.0224,0.00754341
558,1972-12-31,-0.0347,0.0267,-0.03185415
559,1973-01-31,-0.0399,0.0171,-0.04846952
560,1973-02-28,-0.0281,0.0273,-0.012457176
561,1973-03-31,-0.0396,0.0562,-0.05696934000000001
562,1973-04-30,-0.0613,0.0025,-0.02960797
563,1973-05-31,-0.0293,0.0137,-0.013747891000000002
564,1973-06-30,0.0797,-0.0532,0.050560589999999996
565,1973-07-31,-0.0212,0.0132,-0.036656930000000004
566,1973-08-31,0.0307,0.0201,0.04713126
567,1973-09-30,-0.004,0.0203,-0.0069151074
568,1973-10-31,-0.0765,0.0391,-0.1263133
569,1973-11-30,-0.0525,0.039,0.00503655
570,1973-12-31,0.0966,0.0599,-0.001887329
571,1974-01-31,-0.0013,0.0286,-0.0034549259999999997
572,1974-02-28,0.0259,-0.0028,-0.02896402
573,1974-03-31,-0.0071,0.0095,-0.05346092
574,1974-04-30,-0.0303,-0.0208,-0.04948143
575,1974-05-31,-0.0016,0.007800000000000001,-0.028942370000000002
576,1974-06-30,0.0092,0.05139999999999999,-0.07787424000000001
577,1974-07-31,-0.0068,0.025,-0.09375712000000001
578,1974-08-31,0.0027,0.0549,-0.11781829999999999
579,1974-09-30,-0.0351,-0.0999,0.1604841
580,1974-10-31,-0.0117,-0.0016,-0.04644609
581,1974-11-30,-0.0484,0.0,-0.03400542
582,1974-12-31,0.1101,0.08439999999999999,0.1357995
583,1975-01-31,0.0016,-0.04559999999999999,0.054111690000000004
584,1975-02-28,0.0375,0.0249,0.026090480000000003
585,1975-03-31,-0.0054,-0.0111,0.04209667
586,1975-04-30,0.0383,-0.04019999999999999,0.05073955
587,1975-05-31,0.0076,0.0132,0.047373320000000003
588,1975-06-30,0.0269,0.017,-0.06518471
589,1975-07-31,-0.032,-0.0095,-0.0283575
590,1975-08-31,-0.0012,0.0034,-0.04330991
591,1975-09-30,-0.0404,0.0034,0.0502566
592,1975-10-31,-0.0119,0.0196,0.027121600000000003
593,1975-11-30,-0.0075,0.0174,-0.01579771
594,1975-12-31,0.0482,0.08650000000000001,0.1213122
595,1976-01-31,0.0703,0.0585,0.003909603000000001
596,1976-02-29,-0.0115,-0.0008,0.02274025
597,1976-03-31,-0.0003,-0.0014,-0.014601860000000001
598,1976-04-30,-0.0125,-0.013,-0.013025603
599,1976-05-31,-0.0135,0.006500000000000001,0.04022101
600,1976-06-30,0.0029,0.0169,-0.010836189999999999
601,1976-07-31,-0.0202,0.008100000000000001,-0.005597962
602,1976-08-31,0.0,-0.0024,0.02011259
603,1976-09-30,0.0025,-0.0015,-0.0244717
604,1976-10-31,0.0232,0.0151,0.001363398
605,1976-11-30,0.03,0.022,0.05759101
606,1976-12-31,0.04769999999999999,0.0425,-0.03992604
607,1977-01-31,0.0108,0.0052,-0.01924441
608,1977-02-28,0.01,0.0106,-0.013048591
609,1977-03-31,-0.0011,0.0344,0.0011620740000000004
610,1977-04-30,0.0117,0.0084,-0.014477
611,1977-05-31,0.0214,-0.0068,0.047368690000000005
612,1977-06-30,0.0211,-0.006,-0.01700639
613,1977-07-31,0.0152,-0.0276,-0.0177381
614,1977-08-31,0.0145,-0.0051,-0.002728113
615,1977-09-30,0.0126,0.0173,-0.04417758
616,1977-10-31,0.0372,0.0029,0.0404397
617,1977-11-30,0.0135,-0.0038,0.0033227100000000013
618,1977-12-31,0.0221,0.0331,-0.060098910000000005
619,1978-01-31,0.0359,0.0071,-0.013874694
620,1978-02-28,0.0348,0.0123,0.028709270000000002
621,1978-03-31,0.004099999999999999,-0.0356,0.07745323
622,1978-04-30,0.04559999999999999,-0.0059,0.01812997
623,1978-05-31,0.0169,0.005500000000000001,-0.01614848
624,1978-06-30,0.0026,-0.0108,0.05114101
625,1978-07-31,0.0506,-0.005699999999999999,0.03677023
626,1978-08-31,-0.004,0.0187,-0.013088612
627,1978-09-30,-0.09880000000000001,0.014,-0.1177954
628,1978-10-31,0.0301,-0.0219,0.026787270000000002
629,1978-11-30,0.0125,-0.0217,0.009907759999999998
630,1978-12-31,0.0366,0.0229,0.0418299
631,1979-01-31,0.004500000000000001,0.0116,-0.03406539
632,1979-02-28,0.0319,-0.0069,0.05751343
633,1979-03-31,0.0218,0.01,0.0005197170000000011
634,1979-04-30,0.0016,0.013,-0.0217714
635,1979-05-31,0.0117,0.0145,0.03875158
636,1979-06-30,0.0126,0.0175,0.0072913000000000006
637,1979-07-31,0.0209,-0.0152,0.057031609999999996
638,1979-08-31,-0.0025,-0.0087,-0.006873978
639,1979-09-30,-0.0335,-0.0181,-0.08136193
640,1979-10-31,0.0276,-0.0338,0.053703850000000004
641,1979-11-30,0.04190000000000001,-0.0204,0.018714599999999998
642,1979-12-31,0.0165,0.0172,0.057607109999999996
643,1980-01-31,-0.0183,0.0066,-0.007885452
644,1980-02-29,-0.0665,-0.0102,-0.1323242
645,1980-03-31,0.0096,0.0101,0.03968721
646,1980-04-30,0.0216,0.0038,0.05199049
647,1980-05-31,0.0166,-0.0085,0.03161436
648,1980-06-30,0.0425,-0.0629,0.06413817000000001
649,1980-07-31,0.0391,-0.0264,0.017153500000000002
650,1980-08-31,0.0087,-0.04769999999999999,0.02199784
651,1980-09-30,0.0248,-0.0277,0.010594810000000001
652,1980-10-31,-0.0346,-0.0836,0.0953521
653,1980-11-30,-0.0027,0.0273,-0.04751059
654,1980-12-31,0.0301,0.0683,-0.05048484
655,1981-01-31,-0.0032,0.01,0.004819360000000002
656,1981-02-28,0.0358,0.0069,0.034082890000000005
657,1981-03-31,0.0442,0.0229,-0.022066250000000003
658,1981-04-30,0.02,-0.004699999999999999,0.0020463700000000005
659,1981-05-31,-0.0083,0.051,-0.02374274
660,1981-06-30,-0.0218,-0.0068,-0.015479482999999999
661,1981-07-31,-0.0196,0.0484,-0.06908101
662,1981-08-31,-0.0266,0.052,-0.07617578
663,1981-09-30,0.0214,-0.04219999999999999,0.048062150000000005
664,1981-10-31,-0.0097,0.0189,0.03514814
665,1981-11-30,0.0117,0.0075,-0.03679599
666,1981-12-31,-0.0129,0.0319,-0.03420859
667,1982-01-31,0.0048,0.061,-0.06032622
668,1982-02-28,-0.002,0.0379,-0.01990141
669,1982-03-31,0.0151,-0.0277,0.03196891
670,1982-04-30,0.004699999999999999,0.018,-0.03881291
671,1982-05-31,-0.004,0.0154,-0.0335132
672,1982-06-30,0.008199999999999999,0.0012,-0.031025490000000003
673,1982-07-31,-0.0409,0.01,0.1114159
674,1982-08-31,0.0289,0.0033,0.011665680000000001
675,1982-09-30,0.0235,-0.0373,0.11273219999999999
676,1982-10-31,0.04769999999999999,-0.0189,0.04564144
677,1982-11-30,-0.0019,-0.0003,0.007809870000000001
678,1982-12-31,0.027,-0.008100000000000001,0.03494372
679,1983-01-31,0.03240000000000001,0.006999999999999999,0.02401478
680,1983-02-28,0.0176,0.0205,0.02837751
681,1983-03-31,0.0052,0.005600000000000001,0.06708492
682,1983-04-30,0.06150000000000001,-0.0142,0.006325260000000001
683,1983-05-31,0.0089,-0.0393,0.031137299999999996
684,1983-06-30,0.0146,0.0561,-0.038969840000000006
685,1983-07-31,-0.043,0.0556,-0.004134700999999999
686,1983-08-31,0.005600000000000001,0.0108,0.00842687
687,1983-09-30,-0.036,0.0507,-0.03567753
688,1983-10-31,0.0203,-0.0064,0.02255592
689,1983-11-30,-0.0029,0.0168,-0.01776383
690,1983-12-31,-0.0043,0.0762,-0.02062517
691,1984-01-31,-0.0171,0.0336,-0.04617293
692,1984-02-29,0.0008,0.0051,0.0060896
693,1984-03-31,-0.0121,0.0127,-0.005562487000000001
694,1984-04-30,0.0003,0.0026,-0.06011956
695,1984-05-31,-0.0032,-0.0262,0.01588386
696,1984-06-30,-0.0222,0.0048,-0.02882318
697,1984-07-31,-0.0027,-0.0182,0.10439079999999999
698,1984-08-31,0.002,0.0532,-0.0081965548
699,1984-09-30,-0.012,0.0051,-0.010073122280000001
700,1984-10-31,-0.0063,0.0408,-0.01798512
701,1984-11-30,-0.006,-0.002,0.01725304
702,1984-12-31,0.0329,-0.0541,0.07921907
703,1985-01-31,0.0076,-0.0013,0.011097660000000002
704,1985-02-28,-0.0115,0.04099999999999999,-0.007946759
705,1985-03-31,0.0014,0.0372,-0.009386514
706,1985-04-30,-0.0225,-0.0092,0.04917431
707,1985-05-31,0.005,0.005,0.011590939999999997
708,1985-06-30,0.0284,-0.0168,-0.0064511004
709,1985-07-31,-0.0033,0.0232,-0.010294401000000002
710,1985-08-31,-0.0159,0.0131,-0.04582587
711,1985-09-30,-0.0157,0.007800000000000001,0.037941090000000004
712,1985-10-31,0.0022,-0.0288,0.06312843000000001
713,1985-11-30,-0.0049,-0.0152,0.03656149
714,1985-12-31,0.0122,0.0052,0.004230249
715,1986-01-31,-0.0062,-0.0085,0.06720131
716,1986-02-28,-0.0052,-0.0044,0.047886830000000005
717,1986-03-31,0.0285,-0.0286,-0.013103121
718,1986-04-30,-0.0132,-0.0014,0.04594652
719,1986-05-31,-0.009300000000000001,0.0136,0.00904398
720,1986-06-30,-0.0339,0.0476,-0.06490013
721,1986-07-31,-0.042,0.035,0.06158293
722,1986-08-31,0.0226,0.0316,-0.08351992000000001
723,1986-09-30,-0.0248,-0.0137,0.04470472
724,1986-10-31,-0.0192,-0.0013,0.01119305
725,1986-11-30,0.0009,0.0027,-0.03128714
726,1986-12-31,-0.0183,-0.0326,0.1242987
727,1987-01-31,0.0349,-0.0597,0.043621820000000006
728,1987-02-28,0.0039,0.0162,0.01896445
729,1987-03-31,-0.017,-0.0034,-0.02139554
730,1987-04-30,-0.0053,0.0022,0.0013226640000000007
731,1987-05-31,-0.0218,0.0101,0.03885455
732,1987-06-30,-0.0067,0.0067,0.03964724
733,1987-07-31,-0.0072,-0.0092,0.0324465
734,1987-08-31,0.0052,0.0027,-0.02527283
735,1987-09-30,-0.08410000000000001,0.042,-0.2313613
736,1987-10-31,0.0278,0.0313,-0.07577181000000001
737,1987-11-30,0.0013,-0.0445,0.06642388
738,1987-12-31,-0.007800000000000001,0.0499,0.04197472
739,1988-01-31,0.0335,-0.0162,0.047091270000000005
740,1988-02-29,0.06150000000000001,0.0072,-0.02099768
741,1988-03-31,0.0096,0.017,0.0063925300000000004
742,1988-04-30,-0.0264,0.0233,-0.0046526913
743,1988-05-31,0.0217,-0.0109,0.046556969999999996
744,1988-06-30,-0.0022,0.022,-0.012372285
745,1988-07-31,0.0006,0.0212,-0.03390578
746,1988-08-31,-0.0126,-0.0068,0.031003729999999997
747,1988-09-30,-0.029,0.017,0.01154535
748,1988-10-31,-0.0173,0.013,-0.02211086
749,1988-11-30,0.0194,-0.0154,0.014770660000000001
750,1988-12-31,-0.0214,0.0049,0.060601279999999993
751,1989-01-31,0.0277,0.009000000000000001,-0.02254182
752,1989-02-28,0.0074,0.004699999999999999,0.01476452
753,1989-03-31,-0.0058,-0.0142,0.041506980000000006
754,1989-04-30,-0.0005,-0.009000000000000001,0.03143567
755,1989-05-31,-0.01,0.0227,-0.011955535
756,1989-06-30,-0.0403,-0.0279,0.07012836
757,1989-07-31,0.0051,0.0063,0.014726
758,1989-08-31,0.0025,-0.0125,-0.007973332000000001
759,1989-09-30,-0.0325,-0.0107,-0.03608516
760,1989-10-31,-0.0127,-0.0107,0.01091624
761,1989-11-30,-0.024,0.0021,0.012194009999999998
762,1989-12-31,-0.0126,0.007800000000000001,-0.07581361
763,1990-01-31,0.0102,0.006500000000000001,0.00919994
764,1990-02-28,0.0155,-0.0303,0.01774776
765,1990-03-31,-0.005,-0.0247,-0.03518306
766,1990-04-30,-0.0256,-0.0389,0.08213468
767,1990-05-31,0.0142,-0.0199,-0.010492862
768,1990-06-30,-0.032,-0.0011,-0.016191909
769,1990-07-31,-0.0357,0.0163,-0.0985028
770,1990-08-31,-0.0368,0.0071,-0.05984421
771,1990-09-30,-0.0555,0.0019,-0.01929875
772,1990-10-31,0.0036,-0.0321,0.060041620000000004
773,1990-11-30,0.0075,-0.0172,0.023510839999999998
774,1990-12-31,0.03759999999999999,-0.0174,0.04388338
775,1991-01-31,0.0396,-0.005500000000000001,0.07104751000000001
776,1991-02-28,0.0392,-0.0132,0.02452204
777,1991-03-31,0.0049,0.0148,-0.0019891979999999997
778,1991-04-30,-0.0035,-0.005699999999999999,0.03603653
779,1991-05-31,0.0008,0.0123,-0.04822354
780,1991-06-30,-0.009300000000000001,-0.0125,0.04188907
781,1991-07-31,0.0159,-0.0083,0.022206780000000002
782,1991-08-31,0.0164,-0.0098,-0.01557863
783,1991-09-30,0.0088,-0.004699999999999999,0.013647000000000003
784,1991-10-31,-0.0048,-0.0185,-0.04119085
785,1991-11-30,-0.0226,-0.0411,0.102982
786,1991-12-31,0.0849,0.0461,-0.004563548
787,1992-01-31,0.0087,0.0637,0.01055521
788,1992-02-29,-0.0104,0.0361,-0.02709942
789,1992-03-31,-0.0612,0.04269999999999999,0.01021432
790,1992-04-30,0.004,0.0125,0.0036071380000000006
791,1992-05-31,-0.031,0.0336,-0.0224571
792,1992-06-30,-0.0042,-0.0037,0.03679972
793,1992-07-31,-0.0013,-0.0106,-0.023418920000000003
794,1992-08-31,0.0058,-0.0028,0.00986105
795,1992-09-30,0.0203,-0.0201,0.00868108
796,1992-10-31,0.0369,-0.014,0.03788287
797,1992-11-30,0.0163,0.0263,0.014941530000000001
798,1992-12-31,0.0198,0.0592,0.010317070000000001
799,1993-01-31,-0.0347,0.0641,0.0032254060000000005
800,1993-02-28,0.0023,0.0131,0.022589230000000002
801,1993-03-31,-0.0066,0.0252,-0.02779078
802,1993-04-30,0.0198,-0.0345,0.02737208
803,1993-05-31,-0.0032,0.0272,0.002934345
804,1993-06-30,0.0089,0.0282,-0.0032060529
805,1993-07-31,0.0015,0.0013,0.03699608
806,1993-08-31,0.0302,-0.0025,-0.0019712697
807,1993-09-30,0.0204,-0.0272,0.01585087
808,1993-10-31,-0.0122,-0.0077,-0.02010047
809,1993-11-30,0.0122,0.0036,0.01725477
810,1993-12-31,0.004,0.0113,0.02895912
811,1994-01-31,0.028,-0.0159,-0.026306850000000003
812,1994-02-28,-0.0114,0.0163,-0.04849461
813,1994-03-31,-0.0098,0.0166,0.006794642000000001
814,1994-04-30,-0.0213,0.0066,0.006252695000000001
815,1994-05-31,-0.0042,0.0172,-0.03098025
816,1994-06-30,-0.018,0.005600000000000001,0.02785685
817,1994-07-31,0.0142,-0.0247,0.038929109999999996
818,1994-08-31,0.0312,-0.0187,-0.02203766
819,1994-09-30,-0.0223,-0.0166,0.010719830000000001
820,1994-10-31,0.0026,-0.0069,-0.04090634
821,1994-11-30,0.003,-0.002,0.00818029
822,1994-12-31,-0.0353,0.0254,0.01615284
823,1995-01-31,-0.0064,0.0112,0.03564730000000001
824,1995-02-28,-0.0017,-0.0215,0.02246509
825,1995-03-31,-0.0053,0.0171,0.02064833
826,1995-04-30,-0.0255,0.0223,0.02850846
827,1995-05-31,0.0314,-0.025,0.026441990000000002
828,1995-06-30,0.0208,-0.0163,0.036301139999999996
829,1995-07-31,0.0136,0.0284,0.0045949150000000015
830,1995-08-31,-0.0229,0.0002,0.03205392
831,1995-09-30,-0.0382,-0.0046,-0.01603864
832,1995-10-31,-0.012,0.0061,0.038571049999999996
833,1995-11-30,0.0064,0.0033,0.0102922
834,1995-12-31,-0.0263,0.0022,0.02382137
835,1996-01-31,0.0181,-0.0116,0.012452620000000001
836,1996-02-29,0.0152,0.0031,0.00701403
837,1996-03-31,0.0524,-0.0408,0.020959890000000002
838,1996-04-30,0.0308,-0.008,0.02261004
839,1996-05-31,-0.0391,0.0226,-0.012289313000000001
840,1996-06-30,-0.0431,0.0516,-0.05834932
841,1996-07-31,0.0244,-0.007800000000000001,0.02835125
842,1996-08-31,-0.0095,-0.0276,0.04858472
843,1996-09-30,-0.0445,0.0492,0.00947326
844,1996-10-31,-0.0407,0.0146,0.0615042
845,1996-11-30,0.0308,0.0133,-0.01599145
846,1996-12-31,-0.0193,-0.0143,0.04894068
847,1997-01-31,-0.0329,0.057,-0.004967178
848,1997-02-28,-0.0044,0.0343,-0.04916433
849,1997-03-31,-0.0574,0.0009,0.03809623
850,1997-04-30,0.0516,-0.0408,0.06673968
851,1997-05-31,0.0119,0.0162,0.04038098
852,1997-06-30,-0.027,0.002,0.07221265
853,1997-07-31,0.0733,0.0112,-0.04042035
854,1997-08-31,0.0256,0.0029,0.05405339
855,1997-09-30,-0.008,0.0233,-0.03863246
856,1997-10-31,-0.05110000000000001,0.0124,0.02645378
857,1997-11-30,-0.0266,0.0403,0.013021670000000003
858,1997-12-31,-0.0102,-0.0165,0.00021131800000000027
859,1998-01-31,0.0026,-0.007800000000000001,0.06942087
860,1998-02-28,-0.0121,0.0154,0.04737263
861,1998-03-31,0.0003,0.0089,0.00662425
862,1998-04-30,-0.034,0.0343,-0.02974616
863,1998-05-31,-0.0332,-0.018,0.02773895
864,1998-06-30,-0.04940000000000001,-0.0171,-0.02737691
865,1998-07-31,-0.0568,0.0356,-0.1621597
866,1998-08-31,0.0006,-0.0342,0.059214060000000006
867,1998-09-30,-0.0311,-0.0221,0.07120591000000001
868,1998-10-31,0.0121,-0.0316,0.05890103
869,1998-11-30,-0.0054,-0.042,0.05925891
870,1998-12-31,0.008100000000000001,-0.0466,0.03494676
871,1999-01-31,-0.0608,0.0191,-0.041582610000000006
872,1999-02-28,-0.03759999999999999,-0.0277,0.03362548
873,1999-03-31,0.0398,0.0234,0.04539208
874,1999-04-30,0.0333,0.0236,-0.02410774
875,1999-05-31,0.0315,-0.034,0.04682348
876,1999-06-30,0.0255,-0.0048,-0.03463344
877,1999-07-31,-0.01,-0.0172,-0.013807085
878,1999-08-31,0.0336,-0.0342,-0.0265689
879,1999-09-30,-0.0675,-0.0316,0.05820732
880,1999-10-31,0.0717,-0.0607,0.03322223
881,1999-11-30,0.0707,-0.084,0.07934456
882,1999-12-31,0.057,-0.0175,-0.04372196
883,2000-01-31,0.2119,-0.0894,0.027460240000000004
884,2000-02-29,-0.1682,0.0766,0.04879839
885,2000-03-31,-0.0693,0.0741,-0.06411937000000001
886,2000-04-30,-0.0633,0.0501,-0.04386035
887,2000-05-31,0.128,-0.08220000000000001,0.047576419999999994
888,2000-06-30,-0.0316,0.084,-0.022479219999999998
889,2000-07-31,-0.006500000000000001,-0.0147,0.06998387
890,2000-08-31,-0.0189,0.0728,-0.0562544
891,2000-09-30,-0.0387,0.0571,-0.030080120000000002
892,2000-10-31,-0.035,0.1253,-0.10746539999999999
893,2000-11-30,0.0073,0.0767,0.015449560000000001
894,2000-12-31,0.0676,-0.0533,0.034175279999999995
895,2001-01-31,-0.008199999999999999,0.1258,-0.10288441
896,2001-02-28,0.0017,0.0652,-0.07460813
897,2001-03-31,0.0061,-0.048,0.07993495
898,2001-04-30,0.0253,0.0334,0.007250070000000001
899,2001-05-31,0.0625,-0.0116,-0.02036145
900,2001-06-30,-0.0423,0.0535,-0.0212836
901,2001-07-31,0.0248,0.0233,-0.06207984
902,2001-08-31,-0.0625,0.0157,-0.09429703
903,2001-09-30,0.0757,-0.0766,0.02564657
904,2001-10-31,-0.0048,0.0216,0.07708876
905,2001-11-30,0.0479,0.009000000000000001,0.01635592
906,2001-12-31,0.0118,0.0338,-0.01736615
907,2002-01-31,-0.0107,0.0221,-0.02299973
908,2002-02-28,0.0414,0.0108,0.043399059999999996
909,2002-03-31,0.0584,0.0396,-0.05110013
910,2002-04-30,-0.0326,0.0157,-0.01190954
911,2002-05-31,0.042,0.0004,-0.07155918
912,2002-06-30,-0.0522,-0.0371,-0.08262465000000001
913,2002-07-31,-0.0294,0.0323,0.0065489020000000005
914,2002-08-31,0.0239,0.0149,-0.10132281
915,2002-09-30,-0.0344,-0.0407,0.07353965
916,2002-10-31,0.0323,-0.0151,0.06008161
917,2002-11-30,-0.0001,0.0228,-0.05443442
918,2002-12-31,0.0128,-0.0086,-0.024366770000000003
919,2003-01-31,-0.0046,-0.0133,-0.016317210000000002
920,2003-02-28,0.009300000000000001,-0.0215,0.009321300000000001
921,2003-03-31,0.0064,0.0089,0.08176761
922,2003-04-30,0.0449,0.0011,0.06257126
923,2003-05-31,0.0175,0.0039,0.01534584
924,2003-06-30,0.05230000000000001,-0.0108,0.022412190000000002
925,2003-07-31,0.027,0.0161,0.02426536
926,2003-08-31,0.0071,0.0005,-0.009920235000000001
927,2003-09-30,0.0264,0.0192,0.059660780000000004
928,2003-10-31,0.0199,0.018,0.0158941
929,2003-11-30,-0.0276,0.0158,0.04467635
930,2003-12-31,0.0253,0.0245,0.02234194
931,2004-01-31,-0.0156,0.0086,0.01484306
932,2004-02-29,0.0175,0.0024,-0.01156161
933,2004-03-31,-0.0173,-0.0307,-0.025021929999999998
934,2004-04-30,-0.0024,-0.0029,0.01346833
935,2004-05-31,0.0228,0.0123,0.02081092
936,2004-06-30,-0.0385,0.0328,-0.03869773
937,2004-07-31,-0.0156,0.0096,0.0016029000000000002
938,2004-08-31,0.0301,-0.0007000000000000001,0.01945616
939,2004-09-30,0.0013,-0.0029,0.01670559
940,2004-10-31,0.0372,0.0143,0.04671379
941,2004-11-30,-0.0007000000000000001,-0.0018,0.03356963
942,2004-12-31,-0.0172,0.0201,-0.02814588
943,2005-01-31,-0.005500000000000001,0.0163,0.021046099999999998
944,2005-02-28,-0.0135,0.0214,-0.01904364
945,2005-03-31,-0.0397,0.0005,-0.02730633
946,2005-04-30,0.028,-0.0066,0.035554
947,2005-05-31,0.0255,0.0282,0.00922899
948,2005-06-30,0.0287,-0.0083,0.04095753
949,2005-07-31,-0.0098,0.0138,-0.008958243000000001
950,2005-08-31,-0.0066,0.0074,0.00769976
951,2005-09-30,-0.0119,0.004500000000000001,-0.02356557
952,2005-10-31,0.0097,-0.0116,0.03722598
953,2005-11-30,-0.0046,0.0024,0.00025550699999999987
954,2005-12-31,0.05400000000000001,0.009899999999999999,0.036571889999999996
955,2006-01-31,-0.0037,-0.0026,-0.005038828
956,2006-02-28,0.0349,0.0068,0.01536457
957,2006-03-31,-0.0141,0.0237,0.00940005
958,2006-04-30,-0.0309,0.0245,-0.03533197
959,2006-05-31,-0.0036,0.0092,-0.0043905499
960,2006-06-30,-0.0399,0.0267,-0.005911548
961,2006-07-31,0.0102,-0.0198,0.02084147
962,2006-08-31,-0.0129,-0.0004,0.01532832
963,2006-09-30,0.0172,-0.003,0.03305301
964,2006-10-31,0.007800000000000001,0.0007000000000000001,0.019536480000000002
965,2006-11-30,-0.0114,0.0272,0.006856920000000001
966,2006-12-31,0.0016,-0.0069,0.014986799999999998
967,2007-01-31,0.0129,-0.0017,-0.01780596
968,2007-02-28,0.0008,-0.0083,0.00865354
969,2007-03-31,-0.0218,-0.0138,0.03543381
970,2007-04-30,0.0027,-0.0063,0.03485336
971,2007-05-31,0.007800000000000001,-0.011,-0.018747
972,2007-06-30,-0.0245,-0.0355,-0.03578957000000001
973,2007-07-31,-0.0017,-0.0191,0.007392790000000001
974,2007-08-31,-0.0222,-0.0221,0.03762202
975,2007-09-30,0.0025,-0.0291,0.02271044
976,2007-10-31,-0.028,-0.01,-0.05276183
977,2007-11-30,0.0014,-0.0059,-0.007105199
978,2007-12-31,-0.0089,0.0367,-0.06431772000000001
979,2008-01-31,-0.0027,-0.0088,-0.02299688
980,2008-02-29,0.0079,0.0014,-0.01214434
981,2008-03-31,-0.0159,-0.0096,0.049399
982,2008-04-30,0.0305,-0.0145,0.022135020000000002
983,2008-05-31,0.0122,-0.0277,-0.08013555
984,2008-06-30,0.0247,0.0527,-0.01491312
985,2008-07-31,0.0354,0.0145,0.009297090000000001
986,2008-08-31,-0.0118,0.0607,-0.09967162
987,2008-09-30,-0.0252,-0.0237,-0.18563759999999999
988,2008-10-31,-0.0282,-0.06309999999999999,-0.08498552999999999
989,2008-11-30,0.0351,0.0014,0.02223056
990,2008-12-31,0.0033,-0.1112,-0.07747499000000001
991,2009-01-31,0.0023,-0.0703,-0.10027509999999999
992,2009-02-28,0.0,0.034,0.08661294
993,2009-03-31,0.05139999999999999,0.0521,0.1093825
994,2009-04-30,-0.0263,0.0049,0.06779663
995,2009-05-31,0.0263,-0.0262,-0.003120451
996,2009-06-30,0.019,0.0487,0.08169244
997,2009-07-31,-0.011,0.075,0.03141431
998,2009-08-31,0.0241,0.0089,0.045188189999999996
999,2009-09-30,-0.0418,-0.0403,-0.02807884
1000,2009-10-31,-0.0248,-0.0025,0.05708582
1001,2009-11-30,0.0613,-0.0011,0.02838637
1002,2009-12-31,0.0037,0.0033,-0.0371855
1003,2010-01-31,0.0119,0.0319,0.0347535
1004,2010-02-28,0.0144,0.0211,0.06358819
1005,2010-03-31,0.0486,0.0291,0.01993909
1006,2010-04-30,0.0014,-0.0239,-0.07936682
1007,2010-05-31,-0.0184,-0.0452,-0.05090204
1008,2010-06-30,0.0018,-0.0036,0.07028395999999999
1009,2010-07-31,-0.0302,-0.019,-0.04298652000000001
1010,2010-08-31,0.0393,-0.0323,0.09156859
1011,2010-09-30,0.0107,-0.0246,0.038506359999999996
1012,2010-10-31,0.0378,-0.0095,0.005021486
1013,2010-11-30,0.0068,0.0364,0.06711339
1014,2010-12-31,-0.0252,0.008199999999999999,0.01909021
1015,2011-01-31,0.0153,0.0129,0.03806834
1016,2011-02-28,0.0258,-0.0176,0.0032425440000000004
1017,2011-03-31,-0.0037,-0.0243,0.02860189
1018,2011-04-30,-0.0058,-0.0205,-0.01495751
1019,2011-05-31,-0.0011,-0.0042,-0.01845294
1020,2011-06-30,-0.0137,-0.0088,-0.0225503
1021,2011-07-31,-0.0303,-0.0256,-0.057696580000000004
1022,2011-08-31,-0.0335,-0.0171,-0.08502997
1023,2011-09-30,0.0332,0.0013,0.1142146
1024,2011-10-31,-0.0014,-0.0048,-0.006273334
1025,2011-11-30,-0.0066,0.0168,0.0036706110000000003
1026,2011-12-31,0.021,-0.009000000000000001,0.054139520000000003
1027,2012-01-31,-0.0184,0.0046,0.04125255
1028,2012-02-29,-0.0068,0.0121,0.02403937
1029,2012-03-31,-0.0039,-0.0077,-0.006840229000000001
1030,2012-04-30,0.0016,-0.0104,-0.06574102000000001
1031,2012-05-31,0.007800000000000001,0.0058,0.038180820000000004
1032,2012-06-30,-0.0262,-0.0005,0.010305690000000001
1033,2012-07-31,0.004699999999999999,0.0112,0.026236810000000003
1034,2012-08-31,0.0049,0.0156,0.026432380000000002
1035,2012-09-30,-0.0109,0.0361,-0.01416426
1036,2012-10-31,0.0053,-0.0083,0.006119453
1037,2012-11-30,0.0145,0.0353,0.01247959
1038,2012-12-31,0.0036,0.0098,0.05418911
1039,2013-01-31,-0.0042,0.0013,0.008284352
1040,2013-02-28,0.0075,-0.0023,0.03531997
1041,2013-03-31,-0.024,0.0053,0.01494205
1042,2013-04-30,0.0166,0.0261,0.01915481
1043,2013-05-31,0.0116,-0.0009,-0.015071280000000001
1044,2013-06-30,0.0186,0.005600000000000001,0.05268972
1045,2013-07-31,0.0029,-0.0266,-0.02576067
1046,2013-08-31,0.0289,-0.0115,0.037513950000000004
1047,2013-09-30,-0.0153,0.0121,0.03990784
1048,2013-10-31,0.0119,0.0029,0.0249728
1049,2013-11-30,-0.0059,-0.0005,0.02615955
1050,2013-12-31,0.0087,-0.0202,-0.030046820000000002
1051,2014-01-31,0.0031,-0.0036,0.04622538
1052,2014-02-28,-0.0185,0.049,0.004544167
1053,2014-03-31,-0.0421,0.0112,0.0015690830000000002
1054,2014-04-30,-0.019,-0.0012,0.02026029
1055,2014-05-31,0.0308,-0.0067,0.0279905
1056,2014-06-30,-0.04269999999999999,0.0002,-0.02056754
1057,2014-07-31,0.0036,-0.0042,0.040226120000000004
1058,2014-08-31,-0.0373,-0.0138,-0.025208420000000002
1059,2014-09-30,0.0428,-0.018,0.02117178
1060,2014-10-31,-0.0204,-0.0307,0.0211143
1061,2014-11-30,0.0248,0.0223,-0.0036613160000000004
1062,2014-12-31,-0.0051,-0.0356,-0.027207020000000002
1063,2015-01-31,0.0052,-0.0181,0.05599935
1064,2015-02-28,0.0302,-0.004099999999999999,-0.0104096
1065,2015-03-31,-0.0304,0.0188,0.008776397
1066,2015-04-30,0.0089,-0.011,0.010268880000000001
1067,2015-05-31,0.0285,-0.0074,-0.01927204
1068,2015-06-30,-0.0409,-0.0421,0.012063240000000001
1069,2015-07-31,0.0044,0.0273,-0.05997899
1070,2015-08-31,-0.0261,0.0039,-0.03383053
1071,2015-09-30,-0.0198,-0.0025,0.07403971
1072,2015-10-31,0.0368,-0.0049,0.002425683
1073,2015-11-30,-0.0286,-0.0245,-0.02238848
1074,2015-12-31,-0.0336,0.0201,-0.05728007
1075,2016-01-31,0.0083,-0.0059,0.0004043924000000001
1076,2016-02-29,0.008199999999999999,0.0111,0.07038119
1077,2016-03-31,0.0069,0.0328,0.01163658
1078,2016-04-30,-0.0027,-0.016,0.01416884
1079,2016-05-31,0.0064,-0.014,0.002726236
1080,2016-06-30,0.026,-0.0123,0.03864608
1081,2016-07-31,0.0113,0.0331,0.0025996640000000002
1082,2016-08-31,0.0204,-0.0121,0.0028199040000000002
1083,2016-09-30,-0.0443,0.0407,-0.02178622
1084,2016-10-31,0.0547,0.08220000000000001,0.040445749999999996
1085,2016-11-30,0.0011,0.0351,0.01846782
1086,2016-12-31,-0.0106,-0.0281,0.021776669999999998
1087,2017-01-31,-0.0201,-0.0179,0.0322319
1088,2017-02-28,0.0117,-0.0333,0.0017949690000000004
1089,2017-03-31,0.0072,-0.0211,0.009127575
1090,2017-04-30,-0.0261,-0.0367,0.008703303
1091,2017-05-31,0.0215,0.0145,0.008951493000000001
1092,2017-06-30,-0.0147,-0.0036,0.01960879
1093,2017-07-31,-0.0162,-0.0219,0.0006746460000000001
1094,2017-08-31,0.0447,0.0314,0.02287745
1095,2017-09-30,-0.0195,0.0012,0.01837679
1096,2017-10-31,-0.0058,-0.0009,0.026452490000000002
1097,2017-11-30,-0.0129,0.0017,0.011252690000000001
1098,2017-12-31,-0.0309,-0.0132,0.049526650000000005
1099,2018-01-31,0.003,-0.0101,-0.04061111
1100,2018-02-28,0.0405,-0.0012,-0.01965426
1101,2018-03-31,0.0113,0.005,0.0033101149999999998
1102,2018-04-30,0.0528,-0.0315,0.024774670000000002
1103,2018-05-31,0.0119,-0.0231,0.003962637
1104,2018-06-30,-0.0221,0.005699999999999999,0.030002690000000002
1105,2018-07-31,0.0115,-0.0392,0.0286044
1106,2018-08-31,-0.0228,-0.0163,-0.001067858
1107,2018-09-30,-0.0478,0.0346,-0.07597570000000001
1108,2018-10-31,-0.0071,0.0034,0.01668949
1109,2018-11-30,-0.0248,-0.0189,-0.09178895
1110,2018-12-31,0.0289,-0.0046,0.08619523999999999
1111,2019-01-31,0.0212,-0.0271,0.03092353
1112,2019-02-28,-0.0305,-0.04190000000000001,0.01106351
1113,2019-03-31,-0.0175,0.0202,0.03578859
1114,2019-04-30,-0.0118,-0.0228,-0.06377856
1115,2019-05-31,0.0022,-0.0079,0.06547886
1116,2019-06-30,-0.0208,0.0034,0.00995431
1117,2019-07-31,-0.024,-0.04849999999999999,-0.02193933
1118,2019-08-31,-0.0105,0.0677,0.014232970000000001
1119,2019-09-30,0.0024,-0.0188,0.017755939999999998
1120,2019-10-31,0.0091,-0.0205,0.033796520000000004
1121,2019-11-30,0.0067,0.0191,0.027090680000000002
1122,2019-12-31,-0.0308,-0.06269999999999999,-0.0030277760000000003
1123,2020-01-31,0.0102,-0.0392,-0.07911805000000001
1124,2020-02-29,-0.0503,-0.1396,-0.1429326
1125,2020-03-31,0.0275,-0.0139,0.1296766
1126,2020-04-30,0.0249,-0.0505,0.053638609999999996
1127,2020-05-31,0.0271,-0.0235,0.02519919
1128,2020-06-30,-0.0218,-0.0139,0.05542867
1129,2020-07-31,-0.0025,-0.0294,0.06834293
1130,2020-08-31,0.0006,-0.0251,-0.035156900000000005
1131,2020-09-30,0.0444,0.0403,-0.02027795
1132,2020-10-31,0.0548,0.0211,0.1236065
1133,2020-11-30,0.0481,-0.0136,0.044948089999999996
